country_code,country_name,retail_and_recreation,grocery_and_pharmacy,parks,transit_stations,workplaces,residential,date2,CountryName,CountryCode,C1_School closing,C1_Flag,C2_Workplace closing,C2_Flag,C3_Cancel public events,C3_Flag,C4_Restrictions on gatherings,C4_Flag,C5_Close public transport,C5_Flag,C6_Stay at home requirements,C6_Flag,C7_Restrictions on internal move,C7_Flag,C8_International travel controls,E1_Income support,E1_Flag,E2_Debt/contract relief,E3_Fiscal measures,E4_International support,H1_Public information campaigns,H1_Flag,H2_Testing policy,H3_Contact tracing,H4_Emergency investment in healt,H5_Investment in vaccines,H6_Facial Coverings,H6_Flag,M1_Wildcard,ConfirmedCases,ConfirmedDeaths,StringencyIndex,StringencyIndexForDisplay,StringencyLegacyIndex,StringencyLegacyIndexForDisplay,GovernmentResponseIndex,GovernmentResponseIndexForDispla,ContainmentHealthIndex,ContainmentHealthIndexForDisplay,EconomicSupportIndex,EconomicSupportIndexForDisplay
MY,Malaysia,-4,-3,0,-3,2,2,15/02/2020,Malay,MYS,0,,0,,0,,0,,0,,0,,0,,3,0,,0,0,0,2,1,1,2,0,0,0,,,2,0,19.44,19.44,25,25,22.02,22.02,25.69,25.69,0,0
MY,Malaysia,-6,-4,0,-3,0,2,16/02/2020,Malay,MYS,0,,0,,0,,0,,0,,0,,0,,3,0,,0,0,0,2,1,1,2,0,0,0,,,2,0,19.44,19.44,25,25,22.02,22.02,25.69,25.69,0,0
MY,Malaysia,-5,-3,-4,-6,2,2,17/02/2020,Malay,MYS,0,,0,,0,,0,,0,,0,,0,,3,0,,0,0,0,2,1,1,2,0,0,0,,,2,0,19.44,19.44,25,25,22.02,22.02,25.69,25.69,0,0
MY,Malaysia,-8,-7,-8,-9,2,2,18/02/2020,Malay,MYS,0,,0,,0,,0,,0,,0,,0,,3,0,,0,0,0,2,1,1,2,0,0,0,,,2,0,19.44,19.44,25,25,22.02,22.02,25.69,25.69,0,0
MY,Malaysia,-6,-4,-3,-7,2,2,19/02/2020,Malay,MYS,0,,0,,0,,0,,0,,0,,0,,3,0,,0,0,0,2,1,1,2,0,0,0,,,2,0,19.44,19.44,25,25,22.02,22.02,25.69,25.69,0,0
MY,Malaysia,-2,-4,-2,-5,2,1,20/02/2020,Malay,MYS,0,,0,,0,,0,,0,,0,,0,,3,0,,0,0,0,2,1,1,2,0,0,0,,,2,0,19.44,19.44,25,25,22.02,22.02,25.69,25.69,0,0
MY,Malaysia,-4,-5,-3,-3,5,2,21/02/2020,Malay,MYS,0,,0,,0,,0,,0,,0,,0,,3,0,,0,0,0,2,1,1,2,0,0,0,,,2,0,19.44,19.44,25,25,22.02,22.02,25.69,25.69,0,0
MY,Malaysia,-4,-6,2,-1,2,1,22/02/2020,Malay,MYS,0,,0,,0,,0,,0,,0,,0,,3,0,,0,0,0,2,1,1,2,0,0,0,,,2,0,19.44,19.44,25,25,22.02,22.02,25.69,25.69,0,0
MY,Malaysia,-6,-6,0,-1,0,1,23/02/2020,Malay,MYS,0,,0,,0,,0,,0,,0,,0,,3,0,,0,0,0,2,1,1,2,0,0,0,,,2,0,19.44,19.44,25,25,22.02,22.02,25.69,25.69,0,0
MY,Malaysia,-4,-4,-5,-6,2,2,24/02/2020,Malay,MYS,0,,0,,0,,0,,0,,0,,0,,3,0,,0,0,0,2,1,1,2,0,0,0,,,2,0,19.44,19.44,25,25,22.02,22.02,25.69,25.69,0,0
MY,Malaysia,-4,-4,-4,-8,3,1,25/02/2020,Malay,MYS,0,,0,,0,,0,,0,,0,,0,,3,0,,0,0,0,2,1,1,2,0,0,0,,,2,0,19.44,19.44,25,25,22.02,22.02,25.69,25.69,0,0
MY,Malaysia,-4,-4,-4,-7,3,1,26/02/2020,Malay,MYS,0,,0,,0,,0,,0,,0,,0,,3,0,,0,0,0,2,1,1,2,0,0,0,,,2,0,19.44,19.44,25,25,22.02,22.02,25.69,25.69,0,0
MY,Malaysia,-3,-3,-3,-4,3,1,27/02/2020,Malay,MYS,0,,0,,0,,0,,0,,0,,0,,3,0,,0,6600000000,0,2,1,1,2,35625000,0,0,,,2,0,19.44,19.44,25,25,22.02,22.02,25.69,25.69,0,0
MY,Malaysia,0,-1,-1,0,6,1,28/02/2020,Malay,MYS,0,,0,,0,,0,,0,,0,,0,,3,0,,0,0,0,2,1,1,2,0,0,0,,,2,0,19.44,19.44,25,25,22.02,22.02,25.69,25.69,0,0
MY,Malaysia,3,1,6,3,2,0,29/02/2020,Malay,MYS,0,,0,,0,,0,,0,,0,,0,,3,0,,0,0,0,2,1,1,2,0,0,0,,,2,0,19.44,19.44,25,25,22.02,22.02,25.69,25.69,0,0
MY,Malaysia,0,1,4,4,0,0,01/03/2020,Malay,MYS,0,,0,,0,,0,,0,,0,,0,,3,0,,0,0,0,2,1,1,2,0,0,2,1,,2,0,19.44,19.44,25,25,25.6,25.6,29.86,29.86,0,0
MY,Malaysia,-1,0,-4,-4,2,1,02/03/2020,Malay,MYS,0,,0,,0,,0,,0,,0,,0,,3,0,,0,0,0,2,1,1,2,0,0,2,1,,2,0,19.44,19.44,25,25,25.6,25.6,29.86,29.86,0,0
MY,Malaysia,-3,-2,-7,-8,3,1,03/03/2020,Malay,MYS,0,,0,,0,,0,,0,,0,,0,,3,0,,0,0,0,2,1,1,2,0,0,2,1,,,,19.44,19.44,25,25,25.6,25.6,29.86,29.86,0,0
MY,Malaysia,-2,1,-3,-7,2,2,04/03/2020,Malay,MYS,0,,0,,0,,0,,0,,0,,0,,3,0,,0,0,0,2,1,1,2,0,0,2,1,,3,0,19.44,19.44,25,25,25.6,25.6,29.86,29.86,0,0
MY,Malaysia,-3,-3,-7,-6,2,2,05/03/2020,Malay,MYS,0,,0,,0,,0,,0,,0,,0,,3,0,,0,0,0,2,1,1,2,0,0,2,1,,5,0,19.44,19.44,25,25,25.6,25.6,29.86,29.86,0,0
MY,Malaysia,-2,0,-4,-5,6,1,06/03/2020,Malay,MYS,0,,0,,0,,0,,0,,0,,0,,3,0,,0,0,0,2,1,1,2,0,0,2,1,,5,0,19.44,19.44,25,25,25.6,25.6,29.86,29.86,0,0
MY,Malaysia,-2,1,-2,-4,2,1,07/03/2020,Malay,MYS,0,,0,,1,0,0,,0,,0,,0,,3,0,,0,0,0,2,1,1,2,0,0,2,1,,8,0,22.22,22.22,29.76,29.76,27.38,27.38,31.94,31.94,0,0
MY,Malaysia,-2,1,2,-1,1,1,08/03/2020,Malay,MYS,0,,0,,1,0,0,,0,,0,,0,,3,0,,0,0,0,2,1,1,2,0,0,2,1,,9,0,22.22,22.22,29.76,29.76,27.38,27.38,31.94,31.94,0,0
MY,Malaysia,-3,0,-4,-7,2,1,09/03/2020,Malay,MYS,0,,0,,1,0,0,,0,,0,,0,,3,0,,0,0,0,2,1,1,2,0,0,2,1,,9,0,22.22,22.22,29.76,29.76,27.38,27.38,31.94,31.94,0,0
MY,Malaysia,-5,-2,-7,-10,2,1,10/03/2020,Malay,MYS,0,,0,,1,0,0,,0,,0,,0,,3,0,,0,0,0,2,1,1,2,0,0,2,1,,1,0,22.22,22.22,29.76,29.76,27.38,27.38,31.94,31.94,0,0
MY,Malaysia,-5,-1,-7,-10,2,2,11/03/2020,Malay,MYS,0,,0,,1,0,0,,0,,0,,0,,3,0,,0,0,0,2,1,1,2,0,0,2,1,,1,0,22.22,22.22,29.76,29.76,27.38,27.38,31.94,31.94,0,0
MY,Malaysia,-6,-2,-6,-7,2,2,12/03/2020,Malay,MYS,0,,0,,1,0,2,1,0,,0,,0,,3,0,,0,0,0,2,1,1,2,0,0,2,1,,1,0,27.78,27.78,33.57,33.57,30.95,30.95,36.11,36.11,0,0
MY,Malaysia,-5,1,-5,-2,4,1,13/03/2020,Malay,MYS,0,,0,,1,0,2,1,0,,0,,0,,3,0,,0,0,0,2,1,1,2,0,0,2,1,,1,0,27.78,27.78,33.57,33.57,30.95,30.95,36.11,36.11,0,0
MY,Malaysia,-9,-1,0,-1,-3,2,14/03/2020,Malay,MYS,1,1,0,,1,0,2,1,0,,0,,0,,3,0,,0,0,0,2,1,1,2,0,0,2,1,,1,0,31.48,31.48,40.71,40.71,33.33,33.33,38.89,38.89,0,0
MY,Malaysia,-10,-3,6,-2,-9,2,15/03/2020,Malay,MYS,1,1,0,,1,0,2,1,0,,0,,0,,3,0,,0,0,0,2,1,1,2,0,0,2,1,,2,0,31.48,31.48,40.71,40.71,33.33,33.33,38.89,38.89,0,0
MY,Malaysia,-3,25,7,-4,-11,2,16/03/2020,Malay,MYS,1,1,0,,1,0,2,1,0,,0,,0,,3,0,,0,0,0,2,1,1,2,0,0,2,1,,4,0,31.48,31.48,40.71,40.71,33.33,33.33,38.89,38.89,0,0
MY,Malaysia,-5,30,-5,3,-11,1,17/03/2020,Malay,MYS,1,1,0,,1,0,2,1,0,,0,,0,,3,0,,0,0,0,2,1,1,2,0,0,2,1,,5,0,31.48,31.48,40.71,40.71,33.33,33.33,38.89,38.89,0,0
MY,Malaysia,-56,-14,-32,-36,-50,23,18/03/2020,Malay,MYS,3,1,3,1,2,1,2,1,0,,1,1,2,1,3,0,,0,0,0,2,1,1,2,0,0,2,1,,6,2,73.15,73.15,82.14,82.14,60.12,60.12,70.14,70.14,0,0
MY,Malaysia,-67,-24,-45,-58,-56,30,19/03/2020,Malay,MYS,3,1,3,1,2,1,2,1,0,,1,1,2,1,3,0,,0,0,0,2,1,1,2,0,0,2,1,,7,2,73.15,73.15,82.14,82.14,60.12,60.12,70.14,70.14,0,0
MY,Malaysia,-72,-30,-56,-71,-59,35,20/03/2020,Malay,MYS,3,1,3,1,2,1,2,1,0,,1,1,2,1,3,0,,0,0,0,2,1,1,2,0,0,2,1,,9,2,73.15,73.15,82.14,82.14,60.12,60.12,70.14,70.14,0,0
MY,Malaysia,-77,-39,-65,-75,-55,32,21/03/2020,Malay,MYS,3,1,3,1,2,1,2,1,0,,1,1,2,1,3,0,,0,0,0,2,1,1,2,0,0,2,1,,1,2,73.15,73.15,82.14,82.14,60.12,60.12,70.14,70.14,0,0
MY,Malaysia,-83,-62,-68,-81,-55,31,22/03/2020,Malay,MYS,3,1,3,1,2,1,2,1,0,,1,1,2,1,3,0,,0,0,0,2,1,1,2,0,0,2,1,,1,4,73.15,73.15,82.14,82.14,60.12,60.12,70.14,70.14,0,0
MY,Malaysia,-78,-49,-57,-78,-69,38,23/03/2020,Malay,MYS,3,1,3,1,2,1,2,1,0,,1,1,2,1,3,0,,0,0,0,2,1,1,2,0,0,2,1,,1,1,73.15,73.15,82.14,82.14,60.12,60.12,70.14,70.14,0,0
MY,Malaysia,-78,-47,-57,-78,-68,37,24/03/2020,Malay,MYS,3,1,3,1,2,1,2,1,0,,1,1,2,1,3,0,,0,0,0,2,1,1,2,0,0,2,1,,1,1,73.15,73.15,82.14,82.14,60.12,60.12,70.14,70.14,0,0
MY,Malaysia,-76,-42,-56,-77,-67,37,25/03/2020,Malay,MYS,3,1,3,1,2,1,2,1,0,,1,1,2,1,3,0,,0,0,0,2,1,1,2,0,0,2,1,,1,1,73.15,73.15,82.14,82.14,60.12,60.12,70.14,70.14,0,0
MY,Malaysia,-76,-43,-57,-77,-67,38,26/03/2020,Malay,MYS,3,1,3,1,2,1,2,1,0,,1,1,2,1,3,0,,0,0,0,2,1,1,2,0,0,2,1,,1,1,73.15,73.15,82.14,82.14,60.12,60.12,70.14,70.14,0,0
MY,Malaysia,-77,-43,-62,-80,-64,39,27/03/2020,Malay,MYS,3,1,3,1,2,1,2,1,0,,1,1,2,1,3,0,,0,57800000000,0,2,1,1,2,346650000,0,2,1,,2,2,73.15,73.15,82.14,82.14,60.12,60.12,70.14,70.14,0,0
MY,Malaysia,-80,-52,-68,-81,-56,35,28/03/2020,Malay,MYS,3,1,3,1,2,1,2,1,0,,1,1,2,1,3,0,,0,0,0,2,1,1,2,0,0,2,1,,2,2,73.15,73.15,82.14,82.14,60.12,60.12,70.14,70.14,0,0
MY,Malaysia,-81,-58,-68,-83,-52,31,29/03/2020,Malay,MYS,3,1,3,1,2,1,2,1,0,,1,1,2,1,3,0,,0,0,0,2,1,1,2,0,0,2,1,,2,2,73.15,73.15,82.14,82.14,60.12,60.12,70.14,70.14,0,0
MY,Malaysia,-76,-46,-57,-79,-65,37,30/03/2020,Malay,MYS,3,1,3,1,2,1,2,1,0,,1,1,2,1,3,0,,0,0,0,2,1,1,2,0,0,2,1,,2,3,73.15,73.15,82.14,82.14,60.12,60.12,70.14,70.14,0,0
MY,Malaysia,-76,-45,-57,-78,-65,36,31/03/2020,Malay,MYS,3,1,3,1,2,1,2,1,0,,1,1,2,1,3,0,,0,0,0,2,1,1,2,0,0,2,1,,2,3,73.15,73.15,82.14,82.14,60.12,60.12,70.14,70.14,0,0
MY,Malaysia,-77,-48,-57,-79,-65,36,01/04/2020,Malay,MYS,3,1,3,1,2,1,2,1,0,,1,1,2,1,3,0,,2,0,0,2,1,1,2,0,0,2,1,,2,4,73.15,73.15,82.14,82.14,67.26,67.26,70.14,70.14,50,50
MY,Malaysia,-77,-48,-58,-79,-65,39,02/04/2020,Malay,MYS,3,1,3,1,2,1,2,1,0,,1,1,2,1,3,0,,2,0,0,2,1,1,2,0,0,2,1,,2,4,73.15,73.15,82.14,82.14,67.26,67.26,70.14,70.14,50,50
MY,Malaysia,-78,-49,-62,-82,-63,40,03/04/2020,Malay,MYS,3,1,3,1,2,1,2,1,0,,1,1,2,1,3,0,,2,0,0,2,1,1,2,0,0,2,1,,3,5,73.15,73.15,82.14,82.14,67.26,67.26,70.14,70.14,50,50
MY,Malaysia,-81,-55,-69,-83,-55,36,04/04/2020,Malay,MYS,3,1,3,1,2,1,2,1,0,,1,1,2,1,3,0,,2,0,0,2,1,1,2,0,0,2,1,,3,5,73.15,73.15,82.14,82.14,67.26,67.26,70.14,70.14,50,50
MY,Malaysia,-81,-58,-68,-84,-51,31,05/04/2020,Malay,MYS,3,1,3,1,2,1,2,1,0,,1,1,2,1,3,0,,2,0,0,2,1,1,2,0,0,2,1,,3,5,73.15,73.15,82.14,82.14,67.26,67.26,70.14,70.14,50,50
MY,Malaysia,-75,-44,-57,-79,-64,37,06/04/2020,Malay,MYS,3,1,3,1,2,1,2,1,0,,1,1,2,1,3,1,1,2,0,0,2,1,1,2,0,0,2,1,,3,6,73.15,73.15,82.14,82.14,70.83,70.83,70.14,70.14,75,75
MY,Malaysia,-75,-43,-57,-79,-65,36,07/04/2020,Malay,MYS,3,1,3,1,2,1,2,1,0,,1,1,2,1,3,1,1,2,57000000000,0,2,1,1,2,0,0,2,1,,3,6,73.15,73.15,82.14,82.14,70.83,70.83,70.14,70.14,75,75
MY,Malaysia,-76,-44,-57,-79,-65,37,08/04/2020,Malay,MYS,3,1,3,1,2,1,2,1,0,,1,1,2,1,3,1,1,2,0,0,2,1,3,2,0,0,2,1,,3,6,73.15,73.15,82.14,82.14,75.6,75.6,75.69,75.69,75,75
MY,Malaysia,-74,-42,-58,-79,-64,38,09/04/2020,Malay,MYS,3,1,3,1,2,1,2,1,0,,1,1,2,1,3,1,1,2,0,0,2,1,3,2,0,0,2,1,,4,6,73.15,73.15,82.14,82.14,75.6,75.6,75.69,75.69,75,75
MY,Malaysia,-77,-46,-62,-82,-63,40,10/04/2020,Malay,MYS,3,1,3,1,2,1,2,1,0,,1,1,2,1,3,1,1,2,0,0,2,1,3,2,0,0,2,1,,4,6,73.15,73.15,82.14,82.14,75.6,75.6,75.69,75.69,75,75
MY,Malaysia,-78,-49,-68,-82,-53,35,11/04/2020,Malay,MYS,3,1,3,1,2,1,2,1,0,,1,1,2,1,3,1,1,2,0,0,2,1,3,2,0,0,2,1,,4,7,73.15,73.15,82.14,82.14,75.6,75.6,75.69,75.69,75,75
MY,Malaysia,-80,-55,-67,-83,-50,31,12/04/2020,Malay,MYS,3,1,3,1,2,1,2,1,0,,1,1,2,1,3,1,1,2,0,0,2,1,3,2,0,0,2,1,,4,7,73.15,73.15,82.14,82.14,75.6,75.6,75.69,75.69,75,75
MY,Malaysia,-73,-41,-56,-78,-62,36,13/04/2020,Malay,MYS,3,1,3,1,2,1,2,1,0,,1,1,2,1,3,1,1,2,0,0,2,1,3,2,0,0,2,1,,4,7,73.15,73.15,82.14,82.14,75.6,75.6,75.69,75.69,75,75
MY,Malaysia,-74,-44,-56,-78,-63,36,14/04/2020,Malay,MYS,3,1,3,1,2,1,2,1,0,,1,1,2,1,3,1,1,2,0,0,2,1,3,2,0,0,2,1,,4,7,73.15,73.15,82.14,82.14,75.6,75.6,75.69,75.69,75,75
MY,Malaysia,-76,-46,-57,-79,-63,38,15/04/2020,Malay,MYS,3,1,3,1,2,1,2,1,0,,1,1,2,1,3,1,1,2,0,0,2,1,3,2,0,0,2,1,,4,8,73.15,73.15,82.14,82.14,75.6,75.6,75.69,75.69,75,75
MY,Malaysia,-79,-42,-54,-77,-63,39,16/04/2020,Malay,MYS,3,1,3,1,2,1,2,1,0,,1,1,2,1,3,1,1,2,0,0,2,1,3,2,0,0,2,1,,5,8,73.15,73.15,82.14,82.14,75.6,75.6,75.69,75.69,75,75
MY,Malaysia,-81,-44,-59,-80,-61,40,17/04/2020,Malay,MYS,3,1,3,1,2,1,2,1,0,,1,1,2,1,3,1,1,2,0,0,2,1,3,2,0,0,2,1,,5,8,73.15,73.15,82.14,82.14,75.6,75.6,75.69,75.69,75,75
MY,Malaysia,-84,-56,-69,-82,-53,36,18/04/2020,Malay,MYS,3,1,3,1,2,1,2,1,0,,1,1,2,1,3,1,1,2,0,0,2,1,3,2,0,0,2,1,,5,8,73.15,73.15,82.14,82.14,75.6,75.6,75.69,75.69,75,75
MY,Malaysia,-84,-58,-68,-83,-49,31,19/04/2020,Malay,MYS,3,1,3,1,2,1,2,1,0,,1,1,2,1,3,1,1,2,0,0,2,1,3,2,0,0,2,1,,5,8,73.15,73.15,82.14,82.14,75.6,75.6,75.69,75.69,75,75
MY,Malaysia,-78,-45,-56,-78,-61,36,20/04/2020,Malay,MYS,3,1,3,1,2,1,2,1,0,,1,1,2,1,3,1,1,2,0,0,2,1,3,2,0,0,2,1,,5,8,73.15,73.15,82.14,82.14,75.6,75.6,75.69,75.69,75,75
MY,Malaysia,-78,-44,-56,-77,-61,35,21/04/2020,Malay,MYS,3,1,3,1,2,1,2,1,0,,1,1,2,1,3,1,1,2,0,0,2,1,3,2,0,0,2,1,,5,8,73.15,73.15,82.14,82.14,75.6,75.6,75.69,75.69,75,75
MY,Malaysia,-79,-44,-56,-77,-60,36,22/04/2020,Malay,MYS,3,1,3,1,2,1,2,1,0,,1,1,2,1,3,1,1,2,0,0,2,1,3,2,0,0,2,1,,5,9,73.15,73.15,82.14,82.14,75.6,75.6,75.69,75.69,75,75
MY,Malaysia,-75,-37,-56,-76,-60,36,23/04/2020,Malay,MYS,3,1,3,1,2,1,2,1,0,,1,1,2,1,3,1,1,2,0,0,2,1,3,2,0,0,2,1,,5,9,73.15,73.15,82.14,82.14,75.6,75.6,75.69,75.69,75,75
MY,Malaysia,-81,-44,-63,-82,-61,40,24/04/2020,Malay,MYS,3,1,3,1,2,1,2,1,0,,1,1,2,1,3,1,1,2,0,0,2,1,3,2,0,0,2,1,,5,9,73.15,73.15,82.14,82.14,75.6,75.6,75.69,75.69,75,75
MY,Malaysia,-83,-50,-69,-82,-51,35,25/04/2020,Malay,MYS,3,1,3,1,2,1,2,1,0,,1,1,2,1,3,1,1,2,0,0,2,1,3,2,0,0,2,1,,5,9,73.15,73.15,82.14,82.14,75.6,75.6,75.69,75.69,75,75
MY,Malaysia,-83,-54,-68,-83,-49,31,26/04/2020,Malay,MYS,3,1,3,1,2,1,2,1,0,,1,1,2,1,3,1,1,2,0,0,2,1,3,2,0,0,2,1,,5,9,73.15,73.15,82.14,82.14,75.6,75.6,75.69,75.69,75,75
MY,Malaysia,-78,-42,-56,-78,-58,36,27/04/2020,Malay,MYS,3,1,3,1,2,1,2,1,0,,1,1,2,1,3,1,1,2,0,0,2,1,3,2,0,0,2,1,,5,9,73.15,73.15,82.14,82.14,75.6,75.6,75.69,75.69,75,75
MY,Malaysia,-78,-42,-56,-77,-59,34,28/04/2020,Malay,MYS,3,1,3,1,2,1,2,1,0,,1,1,2,1,3,1,1,2,0,0,2,1,3,2,0,0,2,1,,5,9,73.15,73.15,82.14,82.14,75.6,75.6,75.69,75.69,75,75
MY,Malaysia,-78,-41,-55,-76,-58,34,29/04/2020,Malay,MYS,3,1,3,1,2,1,2,1,0,,1,1,2,1,3,1,1,2,0,0,2,1,3,2,0,0,2,1,,5,1,73.15,73.15,82.14,82.14,75.6,75.6,75.69,75.69,75,75
MY,Malaysia,-76,-33,-56,-73,-56,35,30/04/2020,Malay,MYS,3,1,3,1,2,1,2,1,0,,1,1,2,1,3,1,1,2,0,0,2,1,3,2,0,0,2,1,,5,1,73.15,73.15,82.14,82.14,75.6,75.6,75.69,75.69,75,75
MY,Malaysia,-79,-35,-63,-78,-70,41,01/05/2020,Malay,MYS,3,1,3,1,2,1,2,1,0,,1,1,2,1,3,1,1,2,0,0,2,1,3,2,0,0,2,1,,6,1,73.15,73.15,82.14,82.14,75.6,75.6,75.69,75.69,75,75
MY,Malaysia,-80,-41,-67,-75,-45,33,02/05/2020,Malay,MYS,3,1,3,1,2,1,2,1,0,,1,1,2,1,3,1,1,2,0,0,2,1,3,2,0,0,2,1,,6,1,73.15,73.15,82.14,82.14,75.6,75.6,75.69,75.69,75,75
MY,Malaysia,-80,-45,-66,-77,-44,29,03/05/2020,Malay,MYS,3,1,3,1,2,1,2,1,0,,1,1,2,1,3,1,1,2,0,0,2,1,3,2,0,0,2,1,,6,1,73.15,73.15,82.14,82.14,75.6,75.6,75.69,75.69,75,75
MY,Malaysia,-70,-26,-53,-66,-45,29,04/05/2020,Malay,MYS,3,1,2,1,2,1,2,1,,,1,1,2,1,3,1,1,2,0,0,2,1,3,2,0,0,2,1,,6,1,69.44,69.44,78.57,78.57,73.21,73.21,72.92,72.92,75,75
MY,Malaysia,-68,-23,-52,-64,-45,28,05/05/2020,Malay,MYS,3,1,2,1,2,1,2,1,0,,1,1,2,1,3,1,1,2,0,0,2,1,3,2,0,0,2,1,,6,1,69.44,69.44,78.57,78.57,73.21,73.21,72.92,72.92,75,75
MY,Malaysia,-66,-18,-50,-61,-44,27,06/05/2020,Malay,MYS,3,1,2,1,2,1,2,1,0,,1,1,2,1,3,1,1,2,0,0,2,1,3,2,0,0,2,1,,6,1,69.44,69.44,78.57,78.57,73.21,73.21,72.92,72.92,75,75
MY,Malaysia,-64,-15,-50,-64,-59,32,07/05/2020,Malay,MYS,3,1,2,1,2,1,2,1,0,,1,1,2,1,3,1,1,2,0,0,2,1,3,2,0,0,2,1,,6,1,69.44,69.44,78.57,78.57,73.21,73.21,72.92,72.92,75,75
MY,Malaysia,-65,-19,-53,-62,-39,28,08/05/2020,Malay,MYS,3,1,2,1,2,1,2,1,0,,1,1,2,1,3,1,1,2,0,0,2,1,3,2,0,0,2,1,,6,1,69.44,69.44,78.57,78.57,73.21,73.21,72.92,72.92,75,75
MY,Malaysia,-66,-23,-59,-61,-31,25,09/05/2020,Malay,MYS,3,1,2,1,2,1,2,1,0,,1,1,2,1,3,1,1,2,0,0,2,1,3,2,0,0,2,1,,6,1,69.44,69.44,78.57,78.57,73.21,73.21,72.92,72.92,75,75
MY,Malaysia,-65,-26,-58,-62,-33,21,10/05/2020,Malay,MYS,3,1,2,1,2,1,2,1,0,,1,1,2,1,3,1,1,2,0,0,2,1,3,2,0,0,2,1,,6,1,69.44,69.44,78.57,78.57,73.21,73.21,72.92,72.92,75,75
MY,Malaysia,-60,-12,-47,-60,-49,27,11/05/2020,Malay,MYS,3,1,2,1,2,1,2,1,0,,1,1,2,1,3,1,1,2,0,0,2,1,3,2,0,0,2,1,,6,1,69.44,69.44,78.57,78.57,73.21,73.21,72.92,72.92,75,75
MY,Malaysia,-60,-15,-47,-56,-36,23,12/05/2020,Malay,MYS,3,1,2,1,2,1,2,1,0,,1,1,2,1,3,1,1,2,0,0,2,1,3,2,0,0,2,1,,6,1,69.44,69.44,78.57,78.57,73.21,73.21,72.92,72.92,75,75
MY,Malaysia,-58,-11,-45,-54,-34,23,13/05/2020,Malay,MYS,3,1,2,1,2,1,2,1,0,,1,1,2,1,3,1,1,2,0,0,2,1,3,2,0,0,2,1,,6,1,69.44,69.44,78.57,78.57,73.21,73.21,72.92,72.92,75,75
MY,Malaysia,-56,-11,-45,-55,-34,22,14/05/2020,Malay,MYS,3,1,2,1,2,1,2,1,0,,1,1,2,1,3,1,1,2,0,0,2,1,3,2,0,0,2,1,,6,1,69.44,69.44,78.57,78.57,73.21,73.21,72.92,72.92,75,75
MY,Malaysia,-57,-12,-49,-58,-29,22,15/05/2020,Malay,MYS,3,1,2,1,2,1,2,1,0,,1,1,2,1,3,1,1,2,0,0,2,1,3,2,0,0,2,1,,6,1,69.44,69.44,78.57,78.57,73.21,73.21,72.92,72.92,75,75
MY,Malaysia,-59,-18,-56,-57,-23,21,16/05/2020,Malay,MYS,3,1,2,1,2,1,2,1,0,,1,1,2,1,3,1,1,2,0,0,2,1,3,2,0,0,2,1,,6,1,69.44,69.44,78.57,78.57,73.21,73.21,72.92,72.92,75,75
MY,Malaysia,-59,-19,-55,-59,-26,20,17/05/2020,Malay,MYS,3,1,2,1,2,1,2,1,0,,1,1,2,1,3,1,1,2,0,0,2,1,3,2,0,0,2,1,,6,1,69.44,69.44,78.57,78.57,73.21,73.21,72.92,72.92,75,75
MY,Malaysia,-52,-7,-42,-52,-31,20,18/05/2020,Malay,MYS,3,1,2,1,2,1,2,1,0,,1,1,2,1,3,1,1,2,0,0,2,1,3,2,0,0,2,1,,6,1,69.44,69.44,78.57,78.57,73.21,73.21,72.92,72.92,75,75
MY,Malaysia,-51,-5,-41,-50,-31,19,19/05/2020,Malay,MYS,3,1,2,1,2,1,2,1,0,,1,1,2,1,3,1,1,2,0,0,2,1,3,2,0,0,2,1,,6,1,69.44,69.44,78.57,78.57,73.21,73.21,72.92,72.92,75,75
MY,Malaysia,-48,-2,-40,-48,-32,20,20/05/2020,Malay,MYS,3,1,2,1,2,1,2,1,0,,1,1,2,1,3,1,1,2,0,0,2,1,3,2,0,0,2,1,,6,1,69.44,69.44,78.57,78.57,73.21,73.21,72.92,72.92,75,75
MY,Malaysia,-47,0,-39,-48,-32,21,21/05/2020,Malay,MYS,3,1,2,1,2,1,2,1,0,,1,1,2,1,3,1,1,2,0,0,2,1,3,2,0,0,2,1,,7,1,69.44,69.44,78.57,78.57,73.21,73.21,72.92,72.92,75,75
MY,Malaysia,-47,4,-44,-52,-31,21,22/05/2020,Malay,MYS,3,1,2,1,2,1,2,1,0,,1,1,2,1,3,1,1,2,0,0,2,1,3,2,0,0,2,1,,7,1,69.44,69.44,78.57,78.57,73.21,73.21,72.92,72.92,75,75
MY,Malaysia,-53,-1,-50,-51,-30,19,23/05/2020,Malay,MYS,3,1,2,1,2,1,3,1,0,,1,1,2,1,4,1,1,2,0,0,2,1,3,2,0,0,2,1,,7,1,75,75,82.14,82.14,76.79,76.79,77.08,77.08,75,75
MY,Malaysia,-66,-47,-34,-55,-43,15,24/05/2020,Malay,MYS,3,1,2,1,2,1,3,1,0,,1,1,2,1,4,1,1,2,0,0,2,1,3,2,0,0,2,1,,7,1,75,75,82.14,82.14,76.79,76.79,77.08,77.08,75,75
MY,Malaysia,-54,-16,-27,-58,-71,28,25/05/2020,Malay,MYS,3,1,2,1,2,1,3,1,0,,1,1,2,1,4,1,1,2,0,0,2,1,3,2,0,0,2,1,,7,1,75,75,82.14,82.14,76.79,76.79,77.08,77.08,75,75
MY,Malaysia,-50,-8,-34,-57,-64,27,26/05/2020,Malay,MYS,3,1,2,1,2,1,3,1,0,,1,1,2,1,4,1,1,2,0,0,2,1,3,2,0,0,2,1,,7,1,75,75,82.14,82.14,76.79,76.79,77.08,77.08,75,75
MY,Malaysia,-46,-6,-36,-52,-39,21,27/05/2020,Malay,MYS,3,1,2,1,2,1,3,1,0,,1,1,2,1,4,1,1,2,0,0,2,1,3,2,0,0,2,1,,7,1,75,75,82.14,82.14,76.79,76.79,77.08,77.08,75,75
MY,Malaysia,-46,-8,-38,-52,-34,21,28/05/2020,Malay,MYS,3,1,2,1,2,1,3,1,0,,1,1,2,1,4,1,1,2,0,0,2,1,3,2,0,0,2,1,,7,1,75,75,82.14,82.14,76.79,76.79,77.08,77.08,75,75
MY,Malaysia,-48,-11,-43,-55,-28,22,29/05/2020,Malay,MYS,3,1,2,1,2,1,3,1,0,,1,1,2,1,4,1,1,2,0,0,2,1,3,2,0,0,2,1,,7,1,75,75,82.14,82.14,76.79,76.79,77.08,77.08,75,75
MY,Malaysia,-52,-16,-50,-53,-18,19,30/05/2020,Malay,MYS,3,1,2,1,2,1,3,1,0,,1,1,2,1,4,1,1,2,0,0,2,1,3,2,0,0,2,1,,7,1,75,75,82.14,82.14,76.79,76.79,77.08,77.08,75,75
MY,Malaysia,-51,-18,-47,-56,-19,17,31/05/2020,Malay,MYS,3,1,2,1,2,1,3,1,0,,1,1,2,1,4,1,1,2,0,0,2,1,3,2,0,0,2,1,,7,1,75,75,82.14,82.14,76.79,76.79,77.08,77.08,75,75
MY,Malaysia,-45,-9,-35,-48,-29,18,01/06/2020,Malay,MYS,3,1,2,1,2,1,3,1,0,,1,1,2,1,4,1,1,2,0,0,2,1,3,2,0,0,2,1,,7,1,75,75,82.14,82.14,76.79,76.79,77.08,77.08,75,75
MY,Malaysia,-44,-8,-35,-46,-27,17,02/06/2020,Malay,MYS,3,1,2,1,2,1,3,1,0,,1,1,2,1,4,1,1,2,0,0,2,1,3,2,0,0,2,1,,7,1,75,75,82.14,82.14,76.79,76.79,77.08,77.08,75,75
MY,Malaysia,-43,-7,-34,-46,-26,17,03/06/2020,Malay,MYS,3,1,2,1,2,1,3,1,0,,1,1,2,1,4,1,1,2,0,0,2,1,3,2,0,0,2,1,,7,1,75,75,82.14,82.14,76.79,76.79,77.08,77.08,75,75
MY,Malaysia,-44,-9,-36,-47,-26,18,04/06/2020,Malay,MYS,3,1,2,1,2,1,3,1,0,,1,1,2,1,4,1,1,2,0,0,2,1,3,2,0,0,2,1,,7,1,75,75,82.14,82.14,76.79,76.79,77.08,77.08,75,75
MY,Malaysia,-43,-8,-38,-50,-21,18,05/06/2020,Malay,MYS,3,1,2,1,2,1,3,1,0,,1,1,2,1,4,1,1,2,8200000000,0,2,1,3,2,0,0,2,1,,7,1,75,75,82.14,82.14,76.79,76.79,77.08,77.08,75,75
MY,Malaysia,-45,-11,-43,-48,-13,16,06/06/2020,Malay,MYS,3,1,2,1,2,1,3,1,0,,1,1,2,1,4,1,1,2,0,0,2,1,3,2,0,0,2,1,,8,1,75,75,82.14,82.14,76.79,76.79,77.08,77.08,75,75
MY,Malaysia,-44,-14,-38,-50,-17,14,07/06/2020,Malay,MYS,3,1,2,1,2,1,3,1,0,,1,1,2,1,4,1,1,2,0,0,2,1,3,2,0,0,2,1,,8,1,75,75,82.14,82.14,76.79,76.79,77.08,77.08,75,75
MY,Malaysia,-36,3,-21,-49,-60,24,08/06/2020,Malay,MYS,3,1,2,1,2,1,3,1,0,,1,1,2,1,4,1,1,2,0,0,2,1,3,2,0,0,2,1,,8,1,75,75,82.14,82.14,76.79,76.79,77.08,77.08,75,75
MY,Malaysia,-37,-5,-28,-42,-23,14,09/06/2020,Malay,MYS,3,1,2,1,2,1,3,1,0,,1,1,2,1,4,1,1,2,0,0,2,1,3,2,0,0,2,1,,8,1,75,75,82.14,82.14,76.79,76.79,77.08,77.08,75,75
MY,Malaysia,-35,-3,-24,-34,-23,13,10/06/2020,Malay,MYS,3,1,2,1,2,1,2,1,0,,0,,0,,4,1,1,2,0,0,2,1,3,2,0,0,2,1,,8,1,57.41,57.41,67.86,67.86,65.48,65.48,63.89,63.89,75,75
MY,Malaysia,-33,-4,-21,-34,-23,13,11/06/2020,Malay,MYS,3,1,2,1,2,1,2,1,0,,0,,0,,4,1,1,2,0,0,2,1,3,2,0,0,2,1,,8,1,57.41,57.41,67.86,67.86,65.48,65.48,63.89,63.89,75,75
MY,Malaysia,-36,-8,-26,-35,-20,13,12/06/2020,Malay,MYS,3,1,2,1,2,1,2,1,0,,0,,0,,4,1,1,2,0,0,2,1,3,2,0,0,2,1,,8,1,57.41,57.41,67.86,67.86,65.48,65.48,63.89,63.89,75,75
MY,Malaysia,-38,-9,-25,-30,-13,10,13/06/2020,Malay,MYS,3,1,2,1,2,1,2,1,0,,0,,0,,4,1,1,2,0,0,2,1,3,2,0,0,2,1,,8,1,57.41,57.41,67.86,67.86,65.48,65.48,63.89,63.89,75,75
MY,Malaysia,-37,-11,-19,-32,-16,8,14/06/2020,Malay,MYS,3,1,2,1,2,1,2,1,0,,0,,0,,4,1,1,2,0,0,2,1,3,2,0,0,2,1,,8,1,57.41,57.41,67.86,67.86,65.48,65.48,63.89,63.89,75,75
MY,Malaysia,-31,-2,-15,-29,-23,11,15/06/2020,Malay,MYS,3,1,2,1,2,1,2,1,0,,0,,0,,4,1,1,2,0,0,2,1,3,2,0,0,2,1,,8,1,57.41,57.41,67.86,67.86,65.48,65.48,63.89,63.89,75,75
MY,Malaysia,-31,-3,-15,-29,-22,10,16/06/2020,Malay,MYS,3,1,2,1,2,1,2,1,0,,0,,0,,4,1,1,2,0,0,2,1,3,2,0,0,2,1,,8,1,57.41,57.41,67.86,67.86,65.48,65.48,63.89,63.89,75,75
MY,Malaysia,-31,-1,-15,-29,-22,11,17/06/2020,Malay,MYS,3,1,2,1,2,1,2,1,0,,0,,0,,4,1,1,2,0,0,2,1,3,2,0,0,2,1,,8,1,57.41,57.41,67.86,67.86,65.48,65.48,63.89,63.89,75,75
MY,Malaysia,-31,-4,-18,-29,-23,12,18/06/2020,Malay,MYS,3,1,2,1,2,1,2,1,0,,0,,0,,4,1,1,2,0,0,2,1,3,2,0,0,2,1,,8,1,57.41,57.41,67.86,67.86,65.48,65.48,63.89,63.89,75,75
MY,Malaysia,-33,-5,-19,-29,-19,12,19/06/2020,Malay,MYS,3,1,2,1,2,1,2,1,0,,0,,0,,3,1,1,2,0,0,2,1,3,2,0,0,2,1,,8,1,54.63,54.63,64.29,64.29,63.69,63.69,61.81,61.81,75,75
MY,Malaysia,-34,-6,-19,-25,-12,9,20/06/2020,Malay,MYS,3,1,2,1,2,1,2,1,0,,0,,0,,3,1,1,2,0,0,2,1,3,2,0,0,2,1,,8,1,54.63,54.63,64.29,64.29,63.69,63.69,61.81,61.81,75,75
MY,Malaysia,-33,-9,-12,-26,-17,7,21/06/2020,Malay,MYS,3,1,2,1,2,1,2,1,0,,0,,0,,3,1,1,2,0,0,2,1,3,2,0,0,2,1,,8,1,54.63,54.63,64.29,64.29,63.69,63.69,61.81,61.81,75,75
MY,Malaysia,-26,2,-9,-24,-24,9,22/06/2020,Malay,MYS,3,1,2,1,2,1,2,1,0,,0,,0,,3,1,1,2,0,0,2,1,3,2,0,0,2,1,,8,1,54.63,54.63,64.29,64.29,63.69,63.69,61.81,61.81,75,75
MY,Malaysia,-27,1,-13,-25,-23,10,23/06/2020,Malay,MYS,3,1,2,1,2,1,2,1,0,,0,,0,,3,1,1,2,0,0,2,1,3,2,0,0,2,1,,8,1,54.63,54.63,64.29,64.29,63.69,63.69,61.81,61.81,75,75
MY,Malaysia,-30,-2,-17,-28,-20,10,24/06/2020,Malay,MYS,2,1,2,1,2,1,2,1,0,,0,,0,,3,1,1,2,0,0,2,1,3,2,0,0,2,1,,8,1,50.93,50.93,60.71,60.71,61.31,61.31,59.03,59.03,75,75
MY,Malaysia,-29,-2,-13,-27,-21,11,25/06/2020,Malay,MYS,2,1,2,1,2,1,2,1,0,,0,,0,,3,1,1,2,0,0,2,1,3,2,0,0,2,1,,8,1,50.93,50.93,60.71,60.71,61.31,61.31,59.03,59.03,75,75
MY,Malaysia,-29,-3,-15,-27,-18,10,26/06/2020,Malay,MYS,2,1,2,1,2,1,2,1,0,,0,,0,,3,1,1,2,0,0,2,1,3,2,0,0,2,1,,8,1,50.93,50.93,60.71,60.71,61.31,61.31,59.03,59.03,75,75
MY,Malaysia,-30,-4,-10,-21,-14,8,27/06/2020,Malay,MYS,2,1,2,1,2,1,2,1,0,,0,,0,,3,1,1,2,0,0,2,1,3,2,0,0,2,1,,8,1,50.93,50.93,60.71,60.71,61.31,61.31,59.03,59.03,75,75
MY,Malaysia,-30,-7,-7,-23,-15,6,28/06/2020,Malay,MYS,2,1,2,1,2,1,2,1,0,,0,,0,,3,1,1,2,0,0,2,1,3,2,0,0,2,1,,8,1,50.93,50.93,60.71,60.71,61.31,61.31,59.03,59.03,75,75
MY,Malaysia,-27,-1,-9,-25,-20,9,29/06/2020,Malay,MYS,2,1,2,1,2,1,2,1,0,,0,,0,,3,1,1,2,0,0,2,1,3,2,0,0,2,1,,8,1,50.93,50.93,60.71,60.71,61.31,61.31,59.03,59.03,75,75
MY,Malaysia,-23,1,-10,-27,-19,8,30/06/2020,Malay,MYS,2,1,2,1,2,1,2,1,0,,0,,0,,3,1,1,2,0,0,2,1,3,2,0,0,2,1,,8,1,50.93,50.93,60.71,60.71,61.31,61.31,59.03,59.03,75,75
MY,Malaysia,-24,2,-11,-25,-18,9,01/07/2020,Malay,MYS,2,1,2,1,2,1,2,1,0,,0,,0,,3,1,1,2,0,0,2,1,3,2,0,0,2,1,,8,1,50.93,50.93,60.71,60.71,61.31,61.31,59.03,59.03,75,75
MY,Malaysia,-23,1,-8,-25,-18,9,02/07/2020,Malay,MYS,2,1,2,1,2,1,2,1,0,,0,,0,,3,1,1,2,0,0,2,1,3,2,0,0,2,1,,8,1,50.93,50.93,60.71,60.71,61.31,61.31,59.03,59.03,75,75
MY,Malaysia,-23,1,-7,-24,-15,9,03/07/2020,Malay,MYS,2,1,2,1,2,1,2,1,0,,0,,0,,3,1,1,2,0,0,2,1,3,2,0,0,2,1,,8,1,50.93,50.93,60.71,60.71,61.31,61.31,59.03,59.03,75,75
MY,Malaysia,-23,0,-3,-18,-13,7,04/07/2020,Malay,MYS,2,1,2,1,2,1,2,1,0,,0,,0,,3,1,1,2,0,0,2,1,3,2,0,0,2,1,,8,1,50.93,50.93,60.71,60.71,61.31,61.31,59.03,59.03,75,75
MY,Malaysia,-23,-3,0,-19,-15,5,05/07/2020,Malay,MYS,2,1,2,1,2,1,2,1,0,,0,,0,,3,1,1,2,0,0,2,1,3,2,0,0,2,1,,8,1,50.93,50.93,60.71,60.71,61.31,61.31,59.03,59.03,75,75
MY,Malaysia,-23,-1,-7,-24,-19,8,06/07/2020,Malay,MYS,2,1,2,1,2,1,2,1,0,,0,,0,,3,1,1,2,0,0,2,1,3,2,0,0,2,1,,8,1,50.93,50.93,60.71,60.71,61.31,61.31,59.03,59.03,75,75
MY,Malaysia,-22,1,-10,-24,-20,8,07/07/2020,Malay,MYS,2,1,2,1,2,1,2,1,0,,0,,0,,3,1,1,2,0,0,2,1,3,2,0,0,2,1,,8,1,50.93,50.93,60.71,60.71,61.31,61.31,59.03,59.03,75,75
MY,Malaysia,-22,4,-8,-24,-17,8,08/07/2020,Malay,MYS,2,1,2,1,2,1,2,1,0,,0,,0,,3,1,1,2,0,0,2,1,3,2,0,0,2,1,,8,1,50.93,50.93,60.71,60.71,61.31,61.31,59.03,59.03,75,75
MY,Malaysia,-23,0,-8,-24,-17,9,09/07/2020,Malay,MYS,2,1,2,1,2,1,2,1,0,,0,,0,,3,1,1,2,0,0,2,1,3,2,0,0,2,1,,8,1,50.93,50.93,60.71,60.71,61.31,61.31,59.03,59.03,75,75
MY,Malaysia,-22,1,-6,-23,-14,8,10/07/2020,Malay,MYS,2,1,2,1,2,1,2,1,0,,0,,0,,3,1,1,2,0,0,2,1,3,2,0,0,2,1,,8,1,50.93,50.93,60.71,60.71,61.31,61.31,59.03,59.03,75,75
MY,Malaysia,-23,-2,0,-17,-14,7,11/07/2020,Malay,MYS,2,1,2,1,2,1,2,1,0,,0,,0,,3,1,1,2,0,0,2,1,3,2,0,0,2,1,,8,1,50.93,50.93,60.71,60.71,61.31,61.31,59.03,59.03,75,75
MY,Malaysia,-22,-2,3,-18,-14,5,12/07/2020,Malay,MYS,2,1,2,1,2,1,2,1,0,,0,,0,,3,1,1,2,0,0,2,1,3,2,0,0,2,1,,8,1,50.93,50.93,60.71,60.71,61.31,61.31,59.03,59.03,75,75
MY,Malaysia,-23,1,-8,-24,-18,8,13/07/2020,Malay,MYS,2,1,2,1,2,1,2,1,0,,0,,0,,3,1,1,2,0,0,2,1,3,2,0,0,2,1,,8,1,50.93,50.93,60.71,60.71,61.31,61.31,59.03,59.03,75,75
MY,Malaysia,-22,3,-7,-23,-17,7,14/07/2020,Malay,MYS,2,1,2,1,2,1,2,1,0,,0,,0,,3,1,1,2,0,0,2,1,3,2,0,0,2,1,,8,1,50.93,50.93,60.71,60.71,61.31,61.31,59.03,59.03,75,75
MY,Malaysia,-22,-1,-12,-30,-15,8,15/07/2020,Malay,MYS,2,1,2,1,2,1,2,1,0,,0,,0,,3,1,1,2,0,0,2,1,3,2,0,0,2,1,,8,1,50.93,50.93,60.71,60.71,61.31,61.31,59.03,59.03,75,75
MY,Malaysia,-24,-6,-15,-31,-15,9,16/07/2020,Malay,MYS,2,1,2,1,2,1,2,1,0,,0,,0,,3,1,1,2,0,0,2,1,3,2,0,0,2,1,,8,1,50.93,50.93,60.71,60.71,61.31,61.31,59.03,59.03,75,75
MY,Malaysia,-22,-5,-10,-29,-12,8,17/07/2020,Malay,MYS,2,1,2,1,2,1,2,1,0,,0,,0,,3,1,1,2,0,0,2,1,3,2,0,0,2,1,,8,1,50.93,50.93,60.71,60.71,61.31,61.31,59.03,59.03,75,75
MY,Malaysia,-24,-8,-11,-27,-11,8,18/07/2020,Malay,MYS,2,1,2,1,2,1,2,1,0,,0,,0,,3,1,1,2,0,0,2,1,3,2,0,0,2,1,,8,1,50.93,50.93,60.71,60.71,61.31,61.31,59.03,59.03,75,75
MY,Malaysia,-21,-4,-2,-27,-12,6,19/07/2020,Malay,MYS,2,1,2,1,2,1,2,1,0,,0,,0,,3,1,1,2,0,0,2,1,3,2,0,0,2,1,,8,1,50.93,50.93,60.71,60.71,61.31,61.31,59.03,59.03,75,75
MY,Malaysia,-22,-2,-12,-29,-16,8,20/07/2020,Malay,MYS,2,1,2,1,2,1,2,1,0,,0,,0,,3,1,1,2,0,0,2,1,3,2,0,0,2,1,,8,1,50.93,50.93,60.71,60.71,61.31,61.31,59.03,59.03,75,75
MY,Malaysia,-22,-1,-13,-30,-15,7,21/07/2020,Malay,MYS,2,1,2,1,2,1,2,1,0,,0,,0,,3,1,1,2,0,0,2,1,3,2,0,0,2,1,,8,1,50.93,50.93,60.71,60.71,61.31,61.31,59.03,59.03,75,75
MY,Malaysia,-24,-3,-16,-31,-17,9,22/07/2020,Malay,MYS,1,1,2,1,2,1,2,1,0,,0,,0,,3,1,1,2,0,0,2,1,3,2,0,0,2,1,,8,1,47.22,47.22,57.14,57.14,58.93,58.93,56.25,56.25,75,75
MY,Malaysia,-21,0,-14,-29,-14,8,23/07/2020,Malay,MYS,1,1,2,1,2,1,2,1,0,,0,,0,,3,1,1,2,0,0,2,1,3,2,0,0,2,1,,8,1,47.22,47.22,57.14,57.14,58.93,58.93,56.25,56.25,75,75
MY,Malaysia,-20,-1,-12,-27,-11,8,24/07/2020,Malay,MYS,1,1,2,1,2,1,2,1,0,,0,,0,,3,1,1,2,0,0,2,1,3,2,0,0,2,1,,8,1,47.22,47.22,57.14,57.14,58.93,58.93,56.25,56.25,75,75
MY,Malaysia,-19,1,-6,-23,-11,6,25/07/2020,Malay,MYS,1,1,2,1,2,1,2,1,0,,0,,0,,3,1,1,2,0,0,2,1,3,2,0,0,2,1,,8,1,47.22,47.22,57.14,57.14,58.93,58.93,56.25,56.25,75,75
MY,Malaysia,-19,0,-4,-26,-12,6,26/07/2020,Malay,MYS,1,1,2,1,2,1,2,1,0,,0,,0,,3,1,1,2,0,0,2,1,3,2,0,0,2,1,,8,1,47.22,47.22,57.14,57.14,58.93,58.93,56.25,56.25,75,75
MY,Malaysia,-20,1,-11,-27,-16,7,27/07/2020,Malay,MYS,1,1,2,1,2,1,2,1,0,,0,,0,,3,1,1,2,0,0,2,1,3,2,0,0,2,1,,8,1,47.22,47.22,57.14,57.14,58.93,58.93,56.25,56.25,75,75
MY,Malaysia,-19,3,-10,-24,-15,7,28/07/2020,Malay,MYS,1,1,2,1,2,1,2,1,0,,0,,0,,3,1,1,2,0,0,2,1,3,2,0,0,2,1,,8,1,47.22,47.22,57.14,57.14,58.93,58.93,56.25,56.25,75,75
MY,Malaysia,-16,10,-3,-11,-18,5,29/07/2020,Malay,MYS,1,1,2,1,2,1,2,1,0,,0,,0,,3,1,1,2,0,0,2,1,3,2,0,0,2,1,,8,1,47.22,47.22,57.14,57.14,58.93,58.93,56.25,56.25,75,75
MY,Malaysia,-12,24,9,-4,-33,5,30/07/2020,Malay,MYS,1,1,2,1,2,1,2,1,0,,0,,0,,3,1,1,2,0,0,2,1,3,2,0,0,2,1,,8,1,47.22,47.22,57.14,57.14,58.93,58.93,56.25,56.25,75,75
MY,Malaysia,-31,-10,26,-30,-64,13,31/07/2020,Malay,MYS,1,1,2,1,2,1,2,1,0,,0,,0,,3,1,1,2,0,0,2,1,3,2,0,0,2,1,,8,1,47.22,47.22,57.14,57.14,58.93,58.93,56.25,56.25,75,75
MY,Malaysia,-27,-5,20,-22,-35,6,01/08/2020,Malay,MYS,1,1,2,1,2,1,2,1,0,,0,,0,,3,1,1,2,0,0,2,1,3,2,0,0,2,1,,8,1,47.22,47.22,57.14,57.14,58.93,58.93,56.25,56.25,75,75
MY,Malaysia,-22,-3,14,-9,-30,2,02/08/2020,Malay,MYS,1,1,2,1,2,1,2,1,0,,0,,0,,3,1,1,2,0,0,2,1,3,2,0,0,2,1,,8,1,47.22,47.22,57.14,57.14,58.93,58.93,56.25,56.25,75,75
MY,Malaysia,-14,11,7,-14,-25,6,03/08/2020,Malay,MYS,2,0,2,1,2,1,2,1,0,,0,,2,0,3,1,1,2,0,0,2,1,3,2,0,0,2,1,,8,1,57.41,57.41,66.67,66.67,65.48,65.48,63.89,63.89,75,75
MY,Malaysia,-18,6,-4,-23,-17,6,04/08/2020,Malay,MYS,2,0,2,1,2,1,2,1,0,,0,,2,0,3,1,1,2,0,0,2,1,3,2,0,0,2,1,,9,1,57.41,57.41,66.67,66.67,65.48,65.48,63.89,63.89,75,75
MY,Malaysia,-18,5,-7,-27,-15,7,05/08/2020,Malay,MYS,2,0,2,1,2,1,2,1,0,,0,,2,0,3,1,1,2,0,0,2,1,3,2,0,0,2,1,,9,1,57.41,57.41,66.67,66.67,65.48,65.48,63.89,63.89,75,75
MY,Malaysia,-18,3,-6,-28,-15,7,06/08/2020,Malay,MYS,2,0,2,1,2,1,2,1,0,,0,,2,0,3,1,1,2,0,0,2,1,3,2,0,0,2,1,,9,1,57.41,57.41,66.67,66.67,65.48,65.48,63.89,63.89,75,75
MY,Malaysia,-18,2,-5,-28,-11,6,07/08/2020,Malay,MYS,2,0,2,1,2,1,2,1,0,,0,,2,0,3,1,1,2,0,0,2,1,3,2,0,0,2,1,,9,1,57.41,57.41,66.67,66.67,65.48,65.48,63.89,63.89,75,75
MY,Malaysia,-18,1,-3,-24,-11,6,08/08/2020,Malay,MYS,2,0,2,1,2,1,2,1,0,,0,,2,0,3,1,1,2,0,0,2,1,3,2,0,0,2,1,,9,1,57.41,57.41,66.67,66.67,65.48,65.48,63.89,63.89,75,75
MY,Malaysia,-18,0,-1,-27,-11,5,09/08/2020,Malay,MYS,2,0,2,1,2,1,2,1,0,,0,,2,0,3,1,1,2,0,0,2,1,3,2,0,0,2,1,,9,1,57.41,57.41,66.67,66.67,65.48,65.48,63.89,63.89,75,75
MY,Malaysia,-18,3,-5,-29,-15,6,10/08/2020,Malay,MYS,2,0,2,1,2,1,2,1,0,,0,,2,0,3,1,1,2,0,0,2,1,3,2,0,0,2,1,,9,1,57.41,57.41,66.67,66.67,65.48,65.48,63.89,63.89,75,75
MY,Malaysia,-20,0,-9,-30,-15,6,11/08/2020,Malay,MYS,2,0,2,1,2,1,2,1,0,,0,,2,0,3,1,1,2,0,0,2,1,3,2,0,0,2,1,,9,1,57.41,57.41,66.67,66.67,65.48,65.48,63.89,63.89,75,75
MY,Malaysia,-20,0,-11,-31,-14,7,12/08/2020,Malay,MYS,2,0,2,1,2,1,2,1,0,,0,,2,0,3,1,1,2,0,0,2,1,3,2,0,0,2,1,,9,1,57.41,57.41,66.67,66.67,65.48,65.48,63.89,63.89,75,75
MY,Malaysia,-20,-1,-9,-30,-14,7,13/08/2020,Malay,MYS,2,0,2,1,2,1,2,1,0,,0,,2,0,3,1,1,2,0,0,2,1,3,2,0,0,2,1,,9,1,57.41,57.41,66.67,66.67,65.48,65.48,63.89,63.89,75,75
MY,Malaysia,-20,-2,-10,-31,-11,7,14/08/2020,Malay,MYS,2,0,2,1,2,1,2,1,0,,0,,2,0,3,1,1,2,0,0,2,1,3,2,0,0,2,1,,9,1,57.41,57.41,66.67,66.67,65.48,65.48,63.89,63.89,75,75
MY,Malaysia,-20,-2,-4,-28,-11,6,15/08/2020,Malay,MYS,2,0,2,1,2,1,2,1,0,,0,,2,0,3,1,1,2,0,0,2,1,3,2,0,0,2,1,,9,1,57.41,57.41,66.67,66.67,65.48,65.48,63.89,63.89,75,75
MY,Malaysia,-22,-5,-9,-31,-12,6,16/08/2020,Malay,MYS,2,0,2,1,2,1,2,1,0,,0,,2,0,3,1,1,2,0,0,2,1,3,2,0,0,2,1,,9,1,57.41,57.41,66.67,66.67,65.48,65.48,63.89,63.89,75,75
MY,Malaysia,-21,-1,-10,-31,-14,6,17/08/2020,Malay,MYS,2,0,2,1,2,1,2,1,0,,0,,2,0,3,1,1,2,0,0,2,1,3,2,0,0,2,1,,9,1,57.41,57.41,66.67,66.67,65.48,65.48,63.89,63.89,75,75
MY,Malaysia,-21,-2,-11,-31,-12,6,18/08/2020,Malay,MYS,2,0,2,1,2,1,2,1,0,,0,,2,0,3,1,1,2,0,0,2,1,3,2,0,0,2,1,,9,1,57.41,57.41,66.67,66.67,65.48,65.48,63.89,63.89,75,75
MY,Malaysia,-18,0,-6,-23,-13,5,19/08/2020,Malay,MYS,2,0,2,1,2,1,2,1,0,,0,,2,0,3,1,1,2,0,0,2,1,3,2,0,0,2,1,,9,1,57.41,57.41,66.67,66.67,65.48,65.48,63.89,63.89,75,75
MY,Malaysia,-11,10,27,-24,-50,14,20/08/2020,Malay,MYS,2,0,2,1,2,1,2,1,0,,0,,2,0,3,1,1,2,0,0,2,1,3,2,0,0,2,1,,9,1,57.41,57.41,66.67,66.67,65.48,65.48,63.89,63.89,75,75
MY,Malaysia,-18,1,10,-29,-20,8,21/08/2020,Malay,MYS,2,0,2,1,2,1,2,1,0,,0,,2,0,3,1,1,2,0,0,2,1,3,2,0,0,2,1,,9,1,57.41,57.41,66.67,66.67,65.48,65.48,63.89,63.89,75,75
MY,Malaysia,-22,-6,8,-23,-12,6,22/08/2020,Malay,MYS,2,0,2,1,2,1,2,1,0,,0,,2,0,3,1,1,2,0,0,2,1,3,2,0,0,2,1,,9,1,57.41,57.41,66.67,66.67,65.48,65.48,63.89,63.89,75,75
MY,Malaysia,-21,-7,5,-23,-16,4,23/08/2020,Malay,MYS,2,0,2,1,2,1,2,1,0,,0,,2,0,3,1,1,2,0,0,2,1,3,2,0,0,2,1,,9,1,57.41,57.41,66.67,66.67,65.48,65.48,63.89,63.89,75,75
MY,Malaysia,-17,3,-1,-24,-19,6,24/08/2020,Malay,MYS,2,0,2,1,2,1,2,1,0,,0,,2,0,3,1,1,2,0,0,2,1,3,2,0,0,2,1,,9,1,57.41,57.41,66.67,66.67,65.48,65.48,63.89,63.89,75,75
MY,Malaysia,-19,2,-10,-30,-13,5,25/08/2020,Malay,MYS,2,0,2,1,2,1,2,1,0,,0,,2,0,3,1,1,2,0,0,2,1,3,2,0,0,2,1,,9,1,57.41,57.41,66.67,66.67,65.48,65.48,63.89,63.89,75,75
MY,Malaysia,-19,2,-9,-30,-12,6,26/08/2020,Malay,MYS,2,0,2,1,2,1,2,1,0,,0,,2,0,3,1,1,2,0,0,2,1,3,2,0,0,2,1,,9,1,57.41,57.41,66.67,66.67,65.48,65.48,63.89,63.89,75,75
MY,Malaysia,-18,1,-8,-27,-12,6,27/08/2020,Malay,MYS,2,0,2,1,2,1,2,1,0,,0,,2,0,3,1,1,2,0,0,2,1,3,2,0,0,2,1,,9,1,57.41,57.41,66.67,66.67,65.48,65.48,63.89,63.89,75,75
MY,Malaysia,-16,3,-2,-22,-10,5,28/08/2020,Malay,MYS,2,0,2,1,2,1,2,1,0,,0,,2,0,3,1,1,2,0,0,2,1,3,2,0,0,2,1,,9,1,57.41,57.41,66.67,66.67,65.48,65.48,63.89,63.89,75,75
MY,Malaysia,-17,1,7,-12,-13,3,29/08/2020,Malay,MYS,2,0,2,1,2,1,2,1,0,,0,,2,0,3,1,1,2,0,0,2,1,3,2,0,0,2,1,,9,1,57.41,57.41,66.67,66.67,65.48,65.48,63.89,63.89,75,75
MY,Malaysia,-11,1,39,-13,-16,1,30/08/2020,Malay,MYS,2,0,2,1,2,1,2,1,0,,0,,2,0,3,1,1,2,0,0,2,1,3,2,0,0,2,1,,9,1,57.41,57.41,66.67,66.67,65.48,65.48,63.89,63.89,75,75
MY,Malaysia,-5,18,52,-8,-65,11,31/08/2020,Malay,MYS,2,0,2,1,2,1,2,1,0,,0,,2,0,3,1,1,2,0,0,2,1,3,2,0,0,2,1,,9,1,57.41,57.41,66.67,66.67,65.48,65.48,63.89,63.89,75,75
MY,Malaysia,-17,6,-7,-22,-14,5,01/09/2020,Malay,MYS,2,0,2,1,2,1,2,1,0,,0,,2,0,3,1,1,2,0,0,2,1,3,2,0,0,2,1,,9,1,57.41,57.41,66.67,66.67,65.48,65.48,63.89,63.89,75,75
MY,Malaysia,-20,1,-11,-28,-13,6,02/09/2020,Malay,MYS,2,0,2,1,2,1,2,1,0,,0,,2,0,3,1,1,2,0,0,2,1,3,2,0,0,2,1,,9,1,57.41,57.41,66.67,66.67,65.48,65.48,63.89,63.89,75,75
MY,Malaysia,-18,-1,-11,-28,-12,7,03/09/2020,Malay,MYS,2,0,2,1,2,1,2,1,0,,0,,2,0,3,1,1,2,0,0,2,1,3,2,0,0,2,1,,9,1,57.41,57.41,66.67,66.67,65.48,65.48,63.89,63.89,75,75
MY,Malaysia,-18,0,-11,-26,-10,7,04/09/2020,Malay,MYS,2,0,2,1,2,1,2,1,0,,0,,2,0,3,1,1,2,0,0,2,1,3,2,0,0,2,1,,9,1,57.41,57.41,66.67,66.67,65.48,65.48,63.89,63.89,75,75
MY,Malaysia,-16,1,-1,-22,-12,5,05/09/2020,Malay,MYS,2,0,2,1,2,1,2,1,0,,0,,2,0,3,1,1,2,0,0,2,1,3,2,0,0,2,1,,9,1,57.41,57.41,66.67,66.67,65.48,65.48,63.89,63.89,75,75
MY,Malaysia,-16,-1,1,-24,-12,4,06/09/2020,Malay,MYS,2,0,2,1,2,1,2,1,0,,0,,2,0,3,1,1,2,0,0,2,1,3,2,0,0,2,1,,9,1,57.41,57.41,66.67,66.67,65.48,65.48,63.89,63.89,75,75
MY,Malaysia,-17,2,-9,-27,-14,5,07/09/2020,Malay,MYS,2,0,2,1,2,1,2,1,0,,0,,2,0,3,1,1,2,0,0,2,1,3,2,0,0,2,1,,9,1,57.41,57.41,66.67,66.67,65.48,65.48,63.89,63.89,75,75
MY,Malaysia,-17,2,-9,-27,-13,5,08/09/2020,Malay,MYS,2,0,2,1,2,1,2,1,0,,0,,2,0,3,1,1,2,0,0,2,1,3,2,0,0,2,1,,9,1,57.41,57.41,66.67,66.67,65.48,65.48,63.89,63.89,75,75
MY,Malaysia,-18,1,-9,-28,-12,6,09/09/2020,Malay,MYS,2,0,2,1,2,1,2,1,0,,0,,2,0,3,1,1,2,0,0,2,1,3,2,0,0,2,1,,9,1,57.41,57.41,66.67,66.67,65.48,65.48,63.89,63.89,75,75
MY,Malaysia,-20,-4,-11,-26,-13,6,10/09/2020,Malay,MYS,2,0,2,1,2,1,2,1,0,,0,,2,0,3,1,1,2,0,0,2,1,3,2,0,0,2,1,,9,1,57.41,57.41,66.67,66.67,65.48,65.48,63.89,63.89,75,75
MY,Malaysia,-18,-2,-8,-27,-10,6,11/09/2020,Malay,MYS,1,1,2,1,2,1,2,1,0,,0,,2,0,3,1,1,2,0,0,2,1,3,2,0,0,2,1,,9,1,55.56,55.56,66.67,66.67,64.29,64.29,62.5,62.5,75,75
MY,Malaysia,-18,-3,-2,-24,-12,5,12/09/2020,Malay,MYS,1,1,2,1,2,1,2,1,0,,0,,2,0,3,1,1,2,0,0,2,1,3,2,0,0,2,1,,9,1,55.56,55.56,66.67,66.67,64.29,64.29,62.5,62.5,75,75
MY,Malaysia,-18,-3,0,-25,-14,4,13/09/2020,Malay,MYS,1,1,2,1,2,1,2,1,0,,0,,2,0,3,1,1,2,0,0,2,1,3,2,0,0,2,1,,9,1,55.56,55.56,66.67,66.67,64.29,64.29,62.5,62.5,75,75
MY,Malaysia,-20,-3,-9,-29,-12,6,14/09/2020,Malay,MYS,1,1,2,1,2,1,2,1,0,,0,,2,0,3,1,1,2,0,0,2,1,3,2,0,0,2,1,,9,1,55.56,55.56,66.67,66.67,64.29,64.29,62.5,62.5,75,75
MY,Malaysia,-14,0,-2,-23,-13,4,15/09/2020,Malay,MYS,1,1,2,1,2,1,2,1,0,,0,,2,0,3,1,1,2,0,0,2,1,3,2,0,0,2,1,,9,1,55.56,55.56,66.67,66.67,64.29,64.29,62.5,62.5,75,75
MY,Malaysia,-7,15,36,-25,-60,16,16/09/2020,Malay,MYS,1,1,2,1,2,1,2,1,0,,0,,2,0,3,1,1,2,0,0,2,1,3,2,0,0,2,1,,9,1,55.56,55.56,66.67,66.67,64.29,64.29,62.5,62.5,75,75
MY,Malaysia,-20,-5,-6,-29,-14,7,17/09/2020,Malay,MYS,1,1,2,1,2,1,2,1,0,,0,,2,0,3,1,1,2,0,0,2,1,3,2,0,0,2,1,,1,1,55.56,55.56,66.67,66.67,64.29,64.29,62.5,62.5,75,75
MY,Malaysia,-20,-5,-6,-28,-10,8,18/09/2020,Malay,MYS,1,1,2,1,2,1,2,1,0,,0,,2,0,3,1,1,2,0,0,2,1,3,2,0,0,2,1,,1,1,55.56,55.56,66.67,66.67,64.29,64.29,62.5,62.5,75,75
MY,Malaysia,-19,-5,2,-24,-12,6,19/09/2020,Malay,MYS,1,1,2,1,2,1,2,1,0,,0,,2,0,3,1,1,2,0,0,2,1,3,2,0,0,2,1,,1,1,55.56,55.56,66.67,66.67,64.29,64.29,62.5,62.5,75,75
MY,Malaysia,-22,-9,-6,-26,-14,6,20/09/2020,Malay,MYS,1,1,2,1,2,1,2,1,0,,0,,2,0,3,1,1,2,0,0,2,1,3,2,0,0,2,1,,1,1,55.56,55.56,66.67,66.67,64.29,64.29,62.5,62.5,75,75
MY,Malaysia,-20,-3,-13,-28,-13,7,21/09/2020,Malay,MYS,1,1,2,1,2,1,2,1,0,,0,,2,0,2,1,1,2,0,0,2,1,3,2,0,0,3,1,,1,1,52.78,52.78,63.1,63.1,64.29,64.29,62.5,62.5,75,75
MY,Malaysia,-22,-4,-17,-30,-13,7,22/09/2020,Malay,MYS,1,1,2,1,2,1,2,1,0,,0,,2,0,2,1,1,2,0,0,2,1,3,2,0,0,3,1,,1,1,52.78,52.78,63.1,63.1,64.29,64.29,62.5,62.5,75,75
MY,Malaysia,-22,-3,-19,-28,-12,7,23/09/2020,Malay,MYS,1,1,2,1,2,1,2,1,0,,0,,2,0,2,1,1,2,0,0,2,1,3,2,0,0,3,1,,1,1,52.78,52.78,63.1,63.1,64.29,64.29,62.5,62.5,75,75
MY,Malaysia,-18,1,-11,-24,-15,8,24/09/2020,Malay,MYS,1,1,2,1,2,1,2,1,0,,0,,2,0,2,1,1,2,0,0,2,1,3,2,0,0,3,1,,1,1,52.78,52.78,63.1,63.1,64.29,64.29,62.5,62.5,75,75
MY,Malaysia,-19,-1,-13,-23,-10,7,25/09/2020,Malay,MYS,1,1,2,1,2,1,2,1,0,,0,,2,0,2,1,1,2,0,0,2,1,3,2,0,0,3,1,,1,1,52.78,52.78,63.1,63.1,64.29,64.29,62.5,62.5,75,75
MY,Malaysia,-19,-2,-7,-19,-14,6,26/09/2020,Malay,MYS,1,1,2,1,2,1,2,1,0,,0,,2,0,2,1,1,2,0,0,2,1,3,2,0,0,3,1,,1,1,52.78,52.78,63.1,63.1,64.29,64.29,62.5,62.5,75,75
MY,Malaysia,-18,0,0,-21,-14,5,27/09/2020,Malay,MYS,1,1,2,1,2,1,2,1,0,,0,,2,0,2,1,1,2,0,0,2,1,3,2,0,0,3,1,,1,1,52.78,52.78,63.1,63.1,64.29,64.29,62.5,62.5,75,75
MY,Malaysia,-20,2,-16,-27,-13,7,28/09/2020,Malay,MYS,1,1,2,1,2,1,2,1,0,,0,,2,0,2,1,1,2,0,0,2,1,3,2,0,0,3,1,,1,1,52.78,52.78,63.1,63.1,64.29,64.29,62.5,62.5,75,75
MY,Malaysia,-21,1,-19,-29,-13,7,29/09/2020,Malay,MYS,1,1,3,0,2,1,2,1,0,,0,,2,0,2,1,1,2,0,0,2,1,3,2,0,0,3,1,,1,1,54.63,54.63,63.1,63.1,65.48,65.48,63.89,63.89,75,75
MY,Malaysia,-20,6,-19,-29,-13,6,30/09/2020,Malay,MYS,1,1,3,0,2,1,2,1,0,,0,,2,0,2,1,1,2,0,0,2,1,3,2,0,0,3,1,,1,1,54.63,54.63,63.1,63.1,65.48,65.48,63.89,63.89,75,75
MY,Malaysia,-23,-2,-24,-29,-14,7,01/10/2020,Malay,MYS,1,1,3,0,2,1,2,1,0,,0,,2,0,2,1,1,2,0,0,2,1,3,2,0,0,3,1,,1,1,54.63,54.63,63.1,63.1,65.48,65.48,63.89,63.89,75,75
MY,Malaysia,-22,1,-20,-29,-12,6,02/10/2020,Malay,MYS,1,1,3,0,2,1,2,1,0,,0,,2,0,2,1,1,2,0,0,2,1,3,2,0,0,3,1,,1,1,54.63,54.63,63.1,63.1,65.48,65.48,63.89,63.89,75,75
MY,Malaysia,-24,-1,-17,-28,-17,7,03/10/2020,Malay,MYS,1,1,3,0,2,1,2,1,0,,0,,2,0,2,1,1,2,0,0,2,1,3,2,0,0,3,1,,1,1,54.63,54.63,63.1,63.1,65.48,65.48,63.89,63.89,75,75
MY,Malaysia,-25,-5,-15,-31,-17,6,04/10/2020,Malay,MYS,1,1,3,0,2,1,2,1,0,,0,,2,0,2,1,1,2,0,0,2,1,3,2,0,0,3,1,,1,1,54.63,54.63,63.1,63.1,65.48,65.48,63.89,63.89,75,75
MY,Malaysia,-25,-1,-26,-33,-16,7,05/10/2020,Malay,MYS,1,1,3,0,2,1,2,1,0,,0,,2,0,2,1,1,2,0,0,2,1,3,2,0,0,3,1,,1,1,54.63,54.63,63.1,63.1,65.48,65.48,63.89,63.89,75,75
MY,Malaysia,-25,0,-27,-35,-16,7,06/10/2020,Malay,MYS,1,1,3,0,2,1,2,1,0,,0,,2,0,2,1,1,2,0,0,2,1,3,2,0,0,3,1,,1,1,54.63,54.63,63.1,63.1,65.48,65.48,63.89,63.89,75,75
MY,Malaysia,-27,-2,-29,-37,-16,9,07/10/2020,Malay,MYS,1,1,3,0,2,1,2,1,0,,0,,2,0,2,1,1,2,0,0,2,1,3,2,0,0,3,1,,1,1,54.63,54.63,63.1,63.1,65.48,65.48,63.89,63.89,75,75
MY,Malaysia,-25,-2,-23,-36,-15,9,08/10/2020,Malay,MYS,1,1,3,0,2,1,2,1,0,,0,,2,0,2,1,1,2,0,0,2,1,3,2,0,0,3,1,,1,1,54.63,54.63,63.1,63.1,65.48,65.48,63.89,63.89,75,75
MY,Malaysia,-26,-3,-19,-37,-15,11,09/10/2020,Malay,MYS,3,0,3,0,2,1,2,1,0,,0,,2,0,2,1,1,2,0,0,2,1,3,2,0,0,3,1,,1,1,60.19,60.19,66.67,66.67,69.05,69.05,68.06,68.06,75,75
MY,Malaysia,-28,-6,-16,-37,-17,11,10/10/2020,Malay,MYS,3,0,3,0,2,1,2,1,0,,0,,2,0,2,1,1,2,0,0,2,1,3,2,0,0,3,1,,1,1,60.19,60.19,66.67,66.67,69.05,69.05,68.06,68.06,75,75
MY,Malaysia,-29,-8,-15,-39,-17,10,11/10/2020,Malay,MYS,3,0,3,0,2,1,2,1,0,,0,,2,0,2,1,1,2,0,0,2,1,3,2,0,0,3,1,,1,1,60.19,60.19,66.67,66.67,69.05,69.05,68.06,68.06,75,75
MY,Malaysia,-28,-2,-25,-39,-18,10,12/10/2020,Malay,MYS,3,0,3,0,2,1,2,1,0,,0,,2,0,2,1,1,2,0,0,2,1,3,2,0,0,3,1,,1,1,60.19,60.19,66.67,66.67,69.05,69.05,68.06,68.06,75,75
MY,Malaysia,-26,0,-26,-34,-18,9,13/10/2020,Malay,MYS,3,0,3,0,2,1,2,1,0,,0,,2,0,2,1,1,2,0,0,2,1,3,2,0,0,3,1,,1,1,60.19,60.19,66.67,66.67,69.05,69.05,68.06,68.06,75,75
MY,Malaysia,-37,-11,-34,-51,-21,15,14/10/2020,Malay,MYS,3,0,3,0,2,1,2,1,0,,2,0,2,0,2,1,1,2,0,0,2,1,3,2,0,0,3,1,,1,1,65.74,65.74,66.67,66.67,72.62,72.62,72.22,72.22,75,75
MY,Malaysia,-35,-10,-33,-51,-21,15,15/10/2020,Malay,MYS,3,0,3,0,2,1,2,1,0,,2,0,2,0,2,1,1,2,0,0,2,1,3,2,0,0,3,1,,1,1,65.74,65.74,66.67,66.67,72.62,72.62,72.22,72.22,75,75
MY,Malaysia,-35,-9,-31,-53,-18,16,16/10/2020,Malay,MYS,3,0,3,0,2,1,2,1,0,,2,0,2,0,2,1,1,2,0,0,2,1,3,2,0,0,3,1,,1,1,65.74,65.74,66.67,66.67,72.62,72.62,72.22,72.22,75,75
MY,Malaysia,-38,-12,-34,-54,-16,16,17/10/2020,Malay,MYS,3,0,3,0,2,1,2,1,0,,2,0,2,0,2,1,1,2,0,0,2,1,3,2,0,0,3,1,,1,1,65.74,65.74,66.67,66.67,72.62,72.62,72.22,72.22,75,75
MY,Malaysia,-40,-16,-33,-58,-18,16,18/10/2020,Malay,MYS,3,0,3,0,2,1,2,1,0,,2,0,2,0,2,1,1,2,0,0,2,1,3,2,0,0,3,1,,1,1,65.74,65.74,66.67,66.67,72.62,72.62,72.22,72.22,75,75
MY,Malaysia,-35,-11,-34,-51,-21,15,19/10/2020,Malay,MYS,3,0,3,0,2,1,2,1,0,,2,0,2,0,2,1,1,2,0,0,2,1,3,2,0,0,3,1,,2,1,65.74,65.74,66.67,66.67,72.62,72.62,72.22,72.22,75,75
MY,Malaysia,-34,-10,-33,-50,-21,14,20/10/2020,Malay,MYS,3,0,3,0,2,1,2,1,0,,2,0,2,0,2,1,1,2,0,0,2,1,3,2,0,0,3,1,,2,1,65.74,65.74,66.67,66.67,72.62,72.62,72.22,72.22,75,75
MY,Malaysia,-33,-7,-33,-50,-19,14,21/10/2020,Malay,MYS,3,0,3,0,2,1,2,1,0,,2,0,2,0,2,1,1,2,0,0,2,1,3,2,0,0,3,1,,2,1,65.74,65.74,66.67,66.67,72.62,72.62,72.22,72.22,75,75
MY,Malaysia,-34,-9,-32,-52,-24,17,22/10/2020,Malay,MYS,3,0,3,0,2,1,2,1,0,,2,0,2,0,2,1,1,2,0,0,2,1,3,2,0,0,3,1,,2,1,65.74,65.74,66.67,66.67,72.62,72.62,72.22,72.22,75,75
MY,Malaysia,-34,-6,-29,-54,-21,17,23/10/2020,Malay,MYS,3,0,2,0,2,1,2,1,0,,2,0,2,0,2,1,1,2,0,0,2,1,3,2,0,0,3,1,,2,2,62.04,62.04,63.1,63.1,70.24,70.24,69.44,69.44,75,75
MY,Malaysia,-36,-9,-31,-53,-16,15,24/10/2020,Malay,MYS,3,0,2,0,2,1,2,1,0,,2,0,2,0,2,1,1,2,0,0,2,1,3,2,0,0,3,1,,2,2,62.04,62.04,63.1,63.1,70.24,70.24,69.44,69.44,75,75
MY,Malaysia,-37,-12,-31,-57,-17,15,25/10/2020,Malay,MYS,3,0,2,0,2,1,2,1,0,,2,0,2,0,2,1,1,2,0,0,2,1,3,2,0,0,3,1,,2,2,62.04,62.04,63.1,63.1,70.24,70.24,69.44,69.44,75,75
MY,Malaysia,-30,-3,-31,-51,-23,15,26/10/2020,Malay,MYS,3,0,2,0,2,1,2,1,0,,2,0,2,0,2,1,1,2,0,0,2,1,3,2,0,0,3,1,,2,2,62.04,62.04,63.1,63.1,70.24,70.24,69.44,69.44,75,75
MY,Malaysia,-30,-2,-30,-49,-23,14,27/10/2020,Malay,MYS,3,0,2,0,2,1,2,1,0,,2,0,2,0,2,1,1,2,0,0,2,1,3,2,0,0,3,1,,2,2,62.04,62.04,63.1,63.1,70.24,70.24,69.44,69.44,75,75
MY,Malaysia,-29,-2,-28,-46,-22,13,28/10/2020,Malay,MYS,3,0,2,0,2,1,2,1,0,,2,0,2,0,2,1,1,2,0,0,2,1,3,2,0,0,3,1,,2,2,62.04,62.04,63.1,63.1,70.24,70.24,69.44,69.44,75,75
MY,Malaysia,-28,2,-21,-53,-54,23,29/10/2020,Malay,MYS,3,0,2,0,2,1,2,1,0,,2,0,2,0,2,1,1,2,0,0,2,1,3,2,0,0,3,1,,2,2,62.04,62.04,63.1,63.1,70.24,70.24,69.44,69.44,75,75
MY,Malaysia,-32,-4,-27,-52,-23,16,30/10/2020,Malay,MYS,3,0,2,0,2,1,2,1,0,,2,0,2,0,2,1,1,2,0,0,2,1,3,2,0,0,3,1,,3,2,62.04,62.04,63.1,63.1,70.24,70.24,69.44,69.44,75,75
MY,Malaysia,-36,-10,-33,-51,-17,14,31/10/2020,Malay,MYS,3,0,2,0,2,1,2,1,0,,2,0,2,0,2,1,1,2,0,0,2,1,3,2,0,0,3,1,,3,2,62.04,62.04,63.1,63.1,70.24,70.24,69.44,69.44,75,75
MY,Malaysia,-35,-11,-33,-54,-19,14,01/11/2020,Malay,MYS,3,0,2,0,2,1,2,1,0,,2,0,2,0,2,1,1,2,0,0,2,1,3,2,0,0,3,1,,3,2,62.04,62.04,63.1,63.1,70.24,70.24,69.44,69.44,75,75
MY,Malaysia,-32,-7,-36,-50,-23,15,02/11/2020,Malay,MYS,3,0,2,0,2,1,2,1,0,,2,0,2,0,2,1,1,2,0,0,2,1,3,2,0,0,3,1,,3,2,62.04,62.04,63.1,63.1,70.24,70.24,69.44,69.44,75,75
MY,Malaysia,-31,-5,-35,-50,-23,14,03/11/2020,Malay,MYS,3,0,3,0,2,1,4,0,0,,2,0,2,0,4,1,1,2,0,0,2,1,3,2,0,0,3,1,,3,2,75.46,75.46,73.81,73.81,78.87,78.87,79.51,79.51,75,75
MY,Malaysia,-31,-5,-34,-50,-22,15,04/11/2020,Malay,MYS,3,0,3,0,2,1,4,0,0,,2,0,2,0,4,1,1,2,0,0,2,1,3,2,0,0,3,1,,3,2,75.46,75.46,73.81,73.81,78.87,78.87,79.51,79.51,75,75
MY,Malaysia,-32,-8,-31,-51,-22,15,05/11/2020,Malay,MYS,3,0,3,0,2,1,4,0,0,,2,0,2,0,4,1,1,2,0,0,2,1,3,2,0,0,3,1,,3,2,75.46,75.46,73.81,73.81,78.87,78.87,79.51,79.51,75,75
MY,Malaysia,-33,-7,-30,-54,-23,17,06/11/2020,Malay,MYS,3,0,3,0,2,1,4,0,0,,2,0,2,0,4,1,1,2,4800000000,0,2,1,3,2,0,0,3,1,,3,2,75.46,75.46,73.81,73.81,78.87,78.87,79.51,79.51,75,75
MY,Malaysia,-34,-7,-35,-53,-15,15,07/11/2020,Malay,MYS,3,0,3,0,2,1,4,0,0,,2,0,2,0,4,1,1,2,0,0,2,1,3,2,0,0,3,1,,3,2,75.46,75.46,73.81,73.81,78.87,78.87,79.51,79.51,75,75
MY,Malaysia,-33,-6,-32,-50,-16,13,08/11/2020,Malay,MYS,3,0,3,0,2,1,4,0,0,,2,0,2,0,4,1,1,2,0,0,2,1,3,2,0,0,3,1,,3,2,75.46,75.46,73.81,73.81,78.87,78.87,79.51,79.51,75,75
